{
    "accuracy": 0.698170731707317,
    "precision": 0.6742424242424242,
    "f1_score": 0.4734042553191489,
    "recall_score": 0.36475409836065575
}